,total_changes,change_type_count,change_tree_proportion,tree_branch_proportion,GC_flanking_count
1073_GC_A,98,"{'CC': 13, 'TA': 5, 'TC': 91, 'TG': 2, 'TT': 173}","{'CC': 0.04, 'TA': 0.03, 'TC': 0.393, 'TG': 0.016, 'TT': 0.245}",0.724,1
1139_GT_G,127,"{'AA': 163, 'AC': 7, 'AG': 1, 'AT': 116, 'CT': 3}","{'AA': 0.165, 'AC': 0.055, 'AG': 0.01, 'AT': 0.517, 'CT': 0.015}",0.762,1
1451_AC_G,58,"{'CA': 1, 'CC': 191, 'CG': 2, 'CT': 36, 'GG': 2, 'TC': 19, 'TT': 32}","{'CA': 0.004, 'CC': 0.379, 'CG': 0.012, 'CT': 0.171, 'GG': 0.006, 'TC': 0.092, 'TT': 0.058}",0.7220000000000001,2
146_GT_A,125,"{'AA': 162, 'AC': 4, 'AG': 3, 'AT': 117, 'GG': 2, 'GT': 1}","{'AA': 0.158, 'AC': 0.029, 'AG': 0.019, 'AT': 0.539, 'GG': 0.002, 'GT': 0.005}",0.752,0
164_GT_G,64,"{'AA': 152, 'AC': 38, 'AG': 3, 'AT': 18, 'CC': 8, 'CT': 5, 'GG': 2}","{'AA': 0.144, 'AC': 0.14, 'AG': 0.014, 'AT': 0.088, 'CC': 0.003, 'CT': 0.017, 'GG': 0.006}",0.41200000000000003,1
290_GC_C,0,{'TT': 173},{'TT': 0.209},0.209,2
587_GT_T,131,"{'CC': 2, 'TA': 129, 'TG': 2, 'TT': 162}","{'CC': 0.006, 'TA': 0.632, 'TG': 0.007, 'TT': 0.151}",0.796,0
731_GG_G,16,"{'AA': 276, 'AC': 1, 'AG': 14, 'AT': 1}","{'AA': 0.686, 'AC': 0.008, 'AG': 0.07, 'AT': 0.01}",0.774,2
860_GC_T,105,"{'TA': 1, 'TC': 102, 'TG': 2, 'TT': 181}","{'TA': 0.002, 'TC': 0.448, 'TG': 0.015, 'TT': 0.264}",0.7290000000000001,1
